start_station_name,end_station_name,trip_count
10th Ave at E 15th St,Lake Merritt BART Station,9
10th St at Fallon St,2nd Ave at E 18th St,110
10th St at University Ave,North Berkeley BART Station,25
11th St at Bryant St,San Francisco Caltrain Station 2  (Townsend St at 4th St),76
11th St at Natoma St,San Francisco Caltrain Station 2  (Townsend St at 4th St),100
13th St at Franklin St,Lakeside Dr at 14th St,22
14th St at Filbert St,West Oakland BART Station,58
14th St at Mandela Pkwy,West Oakland BART Station,154
14th St at Mission St,San Francisco Caltrain Station 2  (Townsend St at 4th St),65
15th St at Potrero Ave,16th St Mission BART Station 2,55
16th St Depot,Howard St at 8th St,1
16th St Mission BART,19th St at Florida St,48
16th St Mission BART Station 2,Harrison St at 17th St,77
16th St at Prosper St,16th St Mission BART Station 2,23
17th & Folsom Street Park (17th St at Folsom St),Folsom St at 3rd St,29
17th St at Dolores St,16th St Mission BART Station 2,26
17th St at Valencia St,Market St at 10th St,32
18th St at Noe St,Valencia St at 22nd St,22
19th St at Florida St,16th St Mission BART,49
19th St at Mission St,Division St at Potrero Ave,26
19th Street BART Station,Grand Ave at Perkins St,283
1st St at Folsom St,Powell St BART Station (Market St at 4th St),37
20th St at Bryant St,16th St Mission BART,33
20th St at Dolores St,16th St Mission BART Station 2,26
21st Ave at International Blvd,10th Ave at E 15th St,1
22nd St Caltrain Station,San Francisco Ferry Building (Harry Bridges Plaza),52
22nd St at Dolores St,Harrison St at 20th St,27
23rd Ave at Foothill Blvd,Fruitvale BART Station,10
23rd St at San Bruno Ave,Precita Park,21
23rd St at Tennessee St,22nd St Caltrain Station,49
24th St at Bartlett St,29th St at Church St,31
24th St at Chattanooga St,24th St at Bartlett St,42
24th St at Market St,West Oakland BART Station,53
26th Ave at International Blvd,Fruitvale BART Station,11
27th St at MLK Jr Way,Telegraph Ave at 19th St,18
29th St at Church St,Valencia St at 24th St,54
29th St at Tiffany Ave,Valencia St at 24th St,33
2nd Ave at E 18th St,Lake Merritt BART Station,163
2nd St at Folsom St,San Francisco Caltrain (Townsend St at 4th St),17
2nd St at Julian St,San Fernando St at 4th St,86
2nd St at Townsend St,Montgomery St BART Station (Market St at 2nd St),221
30th St at San Jose Ave,24th St at Bartlett St,16
32nd St at Adeline St,West Oakland BART Station,52
34th St at Telegraph Ave,MacArthur BART Station,30
37th St at West St,MacArthur BART Station,38
3rd St at Townsend St,San Francisco Ferry Building (Harry Bridges Plaza),127
45th St at MLK Jr Way,MacArthur BART Station,13
45th St at Manila,MacArthur BART Station,139
47th St at San Pablo Ave,MacArthur BART Station,19
49th St at Telegraph Ave,MacArthur BART Station,72
4th Ave at E 12th St (Temporary Location),Lake Merritt BART Station,55
4th St at 16th St,San Francisco Ferry Building (Harry Bridges Plaza),131
4th St at Harrison St,San Francisco Caltrain (Townsend St at 4th St),48
4th St at Mission Bay Blvd S,Berry St at 4th St,128
53rd St at Hollis St,University Ave at Oxford St,19
55th St at Telegraph Ave,Shattuck Ave at Telegraph Ave,42
59th St at Horton St,West Oakland BART Station,17
5th St at Brannan St,Powell St BART Station (Market St at 5th St),163
5th St at Folsom,Folsom St at 3rd St,72
5th St at San Salvador St,5th St at Virginia St,65
5th St at Taylor St,5th St at Taylor St,22
5th St at Virginia St,San Fernando St at 7th St,238
65th St at Hollis St,Ninth St at Parker St,17
6th Ave at E 12th St (Temporary Location),Lake Merritt BART Station,34
7th St at Brannan St,Civic Center/UN Plaza BART Station (Market St at McAllister St),123
8th St at Brannan St,San Francisco Caltrain Station 2  (Townsend St at 4th St),150
8th St at Ringold St,San Francisco Caltrain Station 2  (Townsend St at 4th St),128
9th St at San Fernando St,5th St at Virginia St,42
Addison St at Fourth St,North Berkeley BART Station,46
Adeline St at 40th St,MacArthur BART Station,29
Alamo Square (Steiner St at Fulton St),Powell St BART Station (Market St at 4th St),19
Alcatraz Ave at Shattuck Ave,Ashby BART Station,30
Almaden Blvd at Balbach St,San Jose Diridon Station,23
Almaden Blvd at San Fernando St,San Jose Diridon Station,26
Ashby BART Station,Woolsey St at Sacramento St,121
Autumn Parkway at Coleman Ave,Autumn Parkway at Coleman Ave,14
Backesto Park (Jackson St at 13th St),San Fernando St at 7th St,3
Bancroft Way at College Ave,Bancroft Way at Telegraph Ave,223
Bancroft Way at Telegraph Ave,Hearst Ave at Euclid Ave,165
Bay Pl at Vernon St,19th Street BART Station,159
Beale St at Harrison St,San Francisco Caltrain (Townsend St at 4th St),139
Berkeley Civic Center,Milvia St at Derby St,53
Berry St at 4th St,San Francisco Ferry Building (Harry Bridges Plaza),327
Berry St at King St,Berry St at 4th St,34
Bestor Art Park,San Fernando St at 7th St,21
Broadway at 30th St,19th Street BART Station,132
Broadway at 40th St,MacArthur BART Station,117
Broadway at Battery St,San Francisco Caltrain (Townsend St at 4th St),72
Broadway at Coronado Ave,Rockridge BART Station,34
Broadway at Kearny,Montgomery St BART Station (Market St at 2nd St),64
Broderick St at Oak St,Powell St BART Station (Market St at 4th St),51
Bryant St at 15th St,San Francisco Caltrain Station 2  (Townsend St at 4th St),62
Bryant St at 2nd St,Montgomery St BART Station (Market St at 2nd St),201
Bryant St at 6th St,San Francisco Ferry Building (Harry Bridges Plaza),19
Bushrod Park,Ashby BART Station,29
Cahill Park,Julian St at The Alameda,25
California St at University Ave,North Berkeley BART Station,54
Central Ave at Fell St,Pierce St at Haight St,42
Cesar Chavez St at Dolores St,Valencia St at 24th St,16
Channing Way at San Pablo Ave,Ninth St at Heinz Ave,34
Channing Way at Shattuck Ave,Bancroft Way at Telegraph Ave,64
China Basin St at 3rd St,San Francisco Ferry Building (Harry Bridges Plaza),69
Church St at Duboce Ave,Powell St BART Station (Market St at 4th St),35
Civic Center/UN Plaza BART Station (Market St at McAllister St),Powell St BART Station (Market St at 4th St),88
Clay St at Battery St,San Francisco Caltrain (Townsend St at 4th St),61
College Ave at Alcatraz Ave,Rockridge BART Station,93
College Ave at Bryant Ave,Rockridge BART Station,25
College Ave at Harwood Ave,Rockridge BART Station,21
College Ave at Taft Ave,Miles Ave at Cavour St,13
Commercial St at Montgomery St,Montgomery St BART Station (Market St at 2nd St),50
Cyril Magnin St at Ellis St,San Francisco Caltrain Station 2  (Townsend St at 4th St),38
Davis St at Jackson St,The Embarcadero at Sansome St,96
DeFremery Park,West Oakland BART Station,76
Delmas Ave and San Fernando St,Autumn Parkway at Coleman Ave,6
Derby St at College Ave,Bancroft Way at Telegraph Ave,99
Division St at Potrero Ave,San Francisco Caltrain Station 2  (Townsend St at 4th St),218
Dolores St at 15th St,Market St at 10th St,19
Dover St at 57th St,MacArthur BART Station,54
Downtown Berkeley BART,Hearst Ave at Euclid Ave,116
Doyle St at 59th St,Ninth St at Heinz Ave,22
Duboce Park,Townsend St at 7th St,23
El Embarcadero at Grand Ave,2nd Ave at E 18th St,78
Ellsworth St at Russell St,Ashby BART Station,67
Embarcadero BART Station (Beale St at Market St),Beale St at Harrison St,157
Emeryville Public Market,Addison St at Fourth St,24
Emeryville Town Hall,MacArthur BART Station,11
Empire St at 1st St,5th St at Taylor St,11
Empire St at 7th St,5th St at Taylor St,7
Esprit Park,San Francisco Ferry Building (Harry Bridges Plaza),89
Eureka Valley Recreation Center,16th St Mission BART Station 2,22
Farnam St at Fruitvale Ave,El Embarcadero at Grand Ave,3
Father Alfred E Boeddeker Park,Montgomery St BART Station (Market St at 2nd St),25
Fell St at Stanyan St,Fell St at Stanyan St,135
Fifth St at Delaware St,North Berkeley BART Station,53
Folsom St at 13th St,Market St at 10th St,30
Folsom St at 15th St,Market St at 10th St,19
Folsom St at 19th St,16th St Mission BART,41
Folsom St at 3rd St,San Francisco Ferry Building (Harry Bridges Plaza),66
Folsom St at 9th St,San Francisco Caltrain Station 2  (Townsend St at 4th St),77
Foothill Blvd at 42nd Ave,Fruitvale BART Station,15
Foothill Blvd at Fruitvale Ave,2nd Ave at E 18th St,17
Foothill Blvd at Harrington Ave,Fruitvale BART Station,18
Fountain Alley at S 2nd St,San Fernando St at 7th St,57
Frank H Ogawa Plaza,2nd Ave at E 18th St,80
Franklin Square,16th St Mission BART Station 2,28
Franklin St at 9th St,Webster St at 2nd St,19
Fruitvale BART Station,Foothill Blvd at Fruitvale Ave,18
Fulton St at Ashby Ave,Ashby BART Station,39
Fulton St at Bancroft Way,Bancroft Way at Telegraph Ave,53
Garfield Square (25th St at Harrison St),Market St at 10th St,39
Genoa St at 55th St,MacArthur BART Station,105
George St at 1st St,Fountain Alley at S 2nd St,8
Golden Gate Ave at Franklin St,Market St at 10th St,24
Golden Gate Ave at Hyde St,Golden Gate Ave at Hyde St,28
Golden Gate Ave at Polk St,San Francisco Caltrain Station 2  (Townsend St at 4th St),45
Grand Ave at Perkins St,19th Street BART Station,308
Grand Ave at Santa Clara Ave,19th Street BART Station,98
Grand Ave at Webster St,Grand Ave at Perkins St,82
Grove St at Divisadero,Central Ave at Fell St,22
Grove St at Masonic Ave,Grove St at Divisadero,15
Guerrero Park,Valencia St at 24th St,29
Harmon St at Adeline St,Ninth St at Heinz Ave,12
Harrison St at 17th St,16th St Mission BART Station 2,51
Harrison St at 20th St,Garfield Square (25th St at Harrison St),34
Haste St at College Ave,Bancroft Way at Telegraph Ave,183
Haste St at Telegraph Ave,Bancroft Way at Telegraph Ave,68
Hearst Ave at Euclid Ave,Bancroft Way at Telegraph Ave,156
Horton St at 40th St,MacArthur BART Station,21
Howard St at 2nd St,San Francisco Caltrain (Townsend St at 4th St),83
Howard St at 8th St,San Francisco Caltrain Station 2  (Townsend St at 4th St),114
Howard St at Beale St,San Francisco Caltrain (Townsend St at 4th St),175
Howard St at Mary St,Howard St at 8th St,72
Hubbell St at 16th St,4th St at Mission Bay Blvd S,32
Hyde St at Post St,San Francisco Caltrain Station 2  (Townsend St at 4th St),30
Irwin St at 8th St,Civic Center/UN Plaza BART Station (Market St at McAllister St),38
Isabella St at San Pablo Ave,19th Street BART Station,32
Jack London Square,Lake Merritt BART Station,18
Jackson Playground,22nd St Caltrain Station,38
Jackson St at 11th St,San Antonio Park,28
Jackson St at 5th St,San Jose Diridon Station,9
Jersey St at Castro St,Jersey St at Church St,43
Jersey St at Church St,24th St at Bartlett St,26
Jones St at Post St,Howard St at 2nd St,31
Julian St at 6th St,5th St at San Salvador St,13
Julian St at The Alameda,The Alameda at Bush St,97
Koshland Park,Powell St BART Station (Market St at 4th St),31
Laguna St at Hayes St,San Francisco Public Library (Grove St at Hyde St),85
Lake Merritt BART Station,2nd Ave at E 18th St,165
Lakeshore Ave at Trestle Glen Rd,19th Street BART Station,62
Lakeside Dr at 14th St,2nd Ave at E 18th St,32
Lane St at Revere Ave,22nd St Caltrain Station,6
Leavenworth St at Broadway,Leavenworth St at Broadway,3
Locust St at Grant St,San Pedro Square,17
Lombard St at Columbus Ave,Lombard St at Columbus Ave,64
MLK Jr Way at 14th St,Frank H Ogawa Plaza,24
MLK Jr Way at University Ave,Bancroft Way at Telegraph Ave,59
MacArthur BART Station,49th St at Telegraph Ave,82
MacArthur Blvd at Telegraph Ave,45th St at Manila,13
Madison St at 17th St,Lake Merritt BART Station,38
Market St at 10th St,Montgomery St BART Station (Market St at 2nd St),243
Market St at 40th St,Market St at Brockhurst St,10
Market St at 45th St,MacArthur BART Station,74
Market St at 8th St,West Oakland BART Station,15
Market St at Brockhurst St,MacArthur BART Station,28
Market St at Dolores St,Market St at 10th St,76
Market St at Franklin St,Market St at 10th St,35
Market St at Park St,San Jose Diridon Station,16
Marston Campbell Park,West Oakland BART Station,52
Masonic Ave at Turk St,Masonic Ave at Turk St,21
McAllister St at Baker St,San Francisco Public Library (Grove St at Hyde St),32
McCoppin St at Valencia St,Market St at 10th St,59
Mechanics Monument Plaza (Market St at Bush St),Market St at 10th St,53
Mendell St at Fairfax Ave,Steuart St at Market St,9
Miles Ave at Cavour St,Rockridge BART Station,49
Milvia St at Derby St,Ashby BART Station,57
Mission Bay Kids Park,San Francisco Ferry Building (Harry Bridges Plaza),46
Mission Dolores Park,Mission Dolores Park,18
Mission Playground,Valencia St at Cesar Chavez St,72
Mission St at 1st St,Ryland Park,12
Mississippi St at 17th St,22nd St Caltrain Station,44
Montgomery St BART Station (Market St at 2nd St),Market St at 10th St,178
Morrison Ave at Julian St,Julian St at The Alameda,70
Mosswood Park,MacArthur BART Station,64
Myrtle St at Polk St,Market St at 10th St,57
Newhall St at 3rd St,23rd St at Tennessee St,6
Ninth St at Heinz Ave,Ashby BART Station,27
Ninth St at Parker St,Ashby BART Station,32
North Berkeley BART Station,Fifth St at Delaware St,84
O'Farrell St at Divisadero St,O'Farrell St at Divisadero St,26
Oak St at 1st St,Bestor Art Park,8
Oregon St at Adeline St,Parker St at Fulton St,30
Page St at Scott St,Market St at 10th St,51
Palm St at Willow St,Cahill Park,2
Parker Ave at McAllister St,15th St at Potrero Ave,1
Parker St at Fulton St,Bancroft Way at Telegraph Ave,101
Paseo De San Antonio at 2nd St,5th St at Virginia St,85
Pierce Ave at Market St,San Jose Diridon Station,22
Pierce St at Haight St,Market St at 10th St,39
Post St at Kearny St,San Francisco Caltrain Station 2  (Townsend St at 4th St),72
Potrero Ave and Mariposa St,San Francisco Caltrain Station 2  (Townsend St at 4th St),45
Potrero del Sol Park (25th St at Utah St),Potrero del Sol Park (25th St at Utah St),24
Powell St BART Station (Market St at 4th St),Market St at 10th St,157
Powell St BART Station (Market St at 5th St),Market St at 10th St,157
Precita Park,22nd St Caltrain Station,41
Raymond Kimbell Playground,Market St at 10th St,35
Rhode Island St at 17th St,Mississippi St at 17th St,46
Rockridge BART Station,College Ave at Alcatraz Ave,73
Russell St at College Ave,Bancroft Way at College Ave,74
Ryland Park,San Fernando St at 4th St,100
S Park St at 3rd St,Montgomery St BART Station (Market St at 2nd St),83
S Van Ness Ave at Market St,San Francisco Caltrain Station 2  (Townsend St at 4th St),76
SAP Center,Ryland Park,4
Saint James Park,San Fernando St at 7th St,12
Salesforce Transit Center (Natoma St at 2nd St),San Francisco Caltrain Station 2  (Townsend St at 4th St),95
San Antonio Park,Jackson St at 11th St,17
San Carlos St at 11th St,Paseo De San Antonio at 2nd St,13
San Carlos St at Market St,Locust St at Grant St,6
San Fernando St at 4th St,5th St at Virginia St,216
San Fernando St at 7th St,5th St at Virginia St,249
San Francisco Caltrain (Townsend St at 4th St),Montgomery St BART Station (Market St at 2nd St),131
San Francisco Caltrain Station 2  (Townsend St at 4th St),Market St at 10th St,143
San Francisco City Hall (Polk St at Grove St),Myrtle St at Polk St,33
San Francisco Ferry Building (Harry Bridges Plaza),The Embarcadero at Sansome St,286
San Francisco Public Library (Grove St at Hyde St),8th St at Brannan St,77
San Jose City Hall,San Jose Diridon Station,27
San Jose Diridon Station,San Fernando St at 4th St,39
San Pablo Ave at 27th St,19th Street BART Station,6
San Pablo Ave at MLK Jr Way,Grand Ave at Webster St,9
San Pablo Park,Ashby BART Station,39
San Pedro Square,San Jose Diridon Station,27
San Pedro St at Hedding St,Ryland Park,6
San Salvador St at 1st St,Locust St at Grant St,16
San Salvador St at 9th St,5th St at Virginia St,86
Sanchez St at 15th St,Pierce St at Haight St,31
Sanchez St at 17th St,16th St Mission BART Station 2,34
Santa Clara St at 7th St,5th St at Virginia St,38
Santa Clara St at Almaden Blvd,San Jose Diridon Station,25
Scott St at Golden Gate Ave,Raymond Kimbell Playground,25
Shattuck Ave at 51st St,MacArthur BART Station,27
Shattuck Ave at 55th St,MacArthur BART Station,57
Shattuck Ave at Hearst Ave,Hearst Ave at Euclid Ave,79
Shattuck Ave at Telegraph Ave,55th St at Telegraph Ave,36
Snow Park,Bay Pl at Vernon St,23
Spear St at Folsom St,San Francisco Caltrain (Townsend St at 4th St),58
Stanford Ave at Hollis St,West Oakland BART Station,32
Steuart St at Market St,The Embarcadero at Sansome St,192
Taylor St at 9th St,San Pedro Square,3
Telegraph Ave at 19th St,Telegraph Ave at 27th St,41
Telegraph Ave at 23rd St,19th Street BART Station,44
Telegraph Ave at 27th St,19th Street BART Station,139
Telegraph Ave at 58th St,Rockridge BART Station,35
Telegraph Ave at Alcatraz Ave,Ashby BART Station,30
Telegraph Ave at Ashby Ave,Bancroft Way at Telegraph Ave,76
Telegraph Ave at Carleton St,Bancroft Way at Telegraph Ave,86
The Alameda at Bush St,Julian St at The Alameda,61
The Embarcadero at Bryant St,San Francisco Ferry Building (Harry Bridges Plaza),85
The Embarcadero at Sansome St,Steuart St at Market St,282
The Embarcadero at Steuart St,San Francisco Caltrain (Townsend St at 4th St),112
The Embarcadero at Vallejo St,Steuart St at Market St,71
Townsend St at 5th St,Powell St BART Station (Market St at 5th St),70
Townsend St at 7th St,San Francisco Caltrain Station 2  (Townsend St at 4th St),260
Turk St at Fillmore St,Powell St BART Station (Market St at 4th St),18
Union Square (Powell St at Post St),Market St at 10th St,71
Union St at 10th St,West Oakland BART Station,76
University Ave at Oxford St,Hearst Ave at Euclid Ave,65
Valencia St at 16th St,Market St at 10th St,42
Valencia St at 21st St,16th St Mission BART Station 2,26
Valencia St at 22nd St,Valencia St at Cesar Chavez St,30
Valencia St at 24th St,Valencia St at 21st St,56
Valencia St at Cesar Chavez St,Mission Playground,57
Valencia St at Clinton Park,Market St at 10th St,49
Victoria Manalo Draves Park,San Francisco Caltrain Station 2  (Townsend St at 4th St),89
Vine St at Shattuck Ave,Downtown Berkeley BART,118
Virginia St at Shattuck Ave,Downtown Berkeley BART,42
Washington St at 8th St,Webster St at 2nd St,32
Washington St at Kearny St,Washington St at Kearny St,38
Webster St at 19th St,Webster St at 2nd St,20
Webster St at 2nd St,Washington St at 8th St,37
Webster St at Grove St,San Francisco Public Library (Grove St at Hyde St),56
Webster St at O'Farrell St,Market St at 10th St,45
West Oakland BART Station,14th St at Mandela Pkwy,159
West St at 40th St,Genoa St at 55th St,55
West St at University Ave,Downtown Berkeley BART,17
William St at 10th St,5th St at Virginia St,16
Williams Ave at 3rd St,22nd St Caltrain Station,10
Williams Ave at Apollo St,Lane St at Revere Ave,4
Willow St at Vine St,5th St at Virginia St,2
Woolsey St at Sacramento St,Ashby BART Station,101
Yerba Buena Center for the Arts (Howard St at 3rd St),San Francisco Caltrain (Townsend St at 4th St),46
